V,E,flow,O(Ef) / 1000,microseconds
1024,2048,8,16.384,39
2048,4096,19,77.824,92
1024,4096,26,106.496,306
256,1024,128,131.072,401
512,2048,99,202.752,401
2048,8192,27,221.184,886
256,2048,360,737.28,1096
2048,9999,145,1449.855,1203
512,4096,421,1724.416,2618
1024,8192,311,2547.712,2058
256,4096,851,3485.696,4056
512,8192,701,5742.592,5700
10000,40000,167,6680,1925
40000,160000,60,9600,2745
30000,140000,104,14560,5522
256,8192,2367,19390.464,9198